{
    "GetTodoFunction": {
      "TABLE_NAME": "todo-table",
      "AWS_NODEJS_CONNECTION_REUSE_ENABLED": "1"
    },
    "GetAllTodoFunction": {
      "TABLE_NAME": "todo-table",
      "AWS_NODEJS_CONNECTION_REUSE_ENABLED": "1"
    },
    "DeleteTodoFunction": {
      "TABLE_NAME": "todo-table",
      "AWS_NODEJS_CONNECTION_REUSE_ENABLED": "1"
    },
    "CompleteTodoFunction": {
      "TABLE_NAME": "todo-table",
      "AWS_NODEJS_CONNECTION_REUSE_ENABLED": "1"
    },
    "UpdateTodoFunction": {
      "TABLE_NAME": "todo-table",
      "AWS_NODEJS_CONNECTION_REUSE_ENABLED": "1"
    },
    "AddTodoFunction": {
      "TABLE_NAME": "todo-table",
      "AWS_NODEJS_CONNECTION_REUSE_ENABLED": "1"
    }
}